序号,文件名,大小(bytes),访问地址,状态
1,MSF108-10+知识产权管理体系审核材料归档上报清单（2024.3.15修订）.pdf,297616,https://tixirenzheng-yulanwnejian-1259337467.cos.ap-guangzhou.myqcloud.com/MSF108-10%2B%E7%9F%A5%E8%AF%86%E4%BA%A7%E6%9D%83%E7%AE%A1%E7%90%86%E4%BD%93%E7%B3%BB%E5%AE%A1%E6%A0%B8%E6%9D%90%E6%96%99%E5%BD%92%E6%A1%A3%E4%B8%8A%E6%8A%A5%E6%B8%85%E5%8D%95%EF%BC%882024.3.15%E4%BF%AE%E8%AE%A2%EF%BC%89.pdf,OK
2,MSF11-01-认证申请表-演示预览版.pdf,198884,https://tixirenzheng-yulanwnejian-1259337467.cos.ap-guangzhou.myqcloud.com/MSF11-01-%E8%AE%A4%E8%AF%81%E7%94%B3%E8%AF%B7%E8%A1%A8-%E6%BC%94%E7%A4%BA%E9%A2%84%E8%A7%88%E7%89%88.pdf,OK
3,MSF11-02+认证申请评审表（2025.12.31修订）.pdf,483053,https://tixirenzheng-yulanwnejian-1259337467.cos.ap-guangzhou.myqcloud.com/MSF11-02%2B%E8%AE%A4%E8%AF%81%E7%94%B3%E8%AF%B7%E8%AF%84%E5%AE%A1%E8%A1%A8%EF%BC%882025.12.31%E4%BF%AE%E8%AE%A2%EF%BC%89.pdf,OK
4,MSF11-03 审核项目推进表（2018.12.7修订）.pdf,336250,https://tixirenzheng-yulanwnejian-1259337467.cos.ap-guangzhou.myqcloud.com/MSF11-03%20%E5%AE%A1%E6%A0%B8%E9%A1%B9%E7%9B%AE%E6%8E%A8%E8%BF%9B%E8%A1%A8%EF%BC%882018.12.7%E4%BF%AE%E8%AE%A2%EF%BC%89.pdf,OK
5,MSF11-04 管理体系过程清单（2019.9.5修订）.pdf,135387,https://tixirenzheng-yulanwnejian-1259337467.cos.ap-guangzhou.myqcloud.com/MSF11-04%20%E7%AE%A1%E7%90%86%E4%BD%93%E7%B3%BB%E8%BF%87%E7%A8%8B%E6%B8%85%E5%8D%95%EF%BC%882019.9.5%E4%BF%AE%E8%AE%A2%EF%BC%89.pdf,OK
6,MSF11-05 认证场所清单（2024.7.12修订）.pdf,401948,https://tixirenzheng-yulanwnejian-1259337467.cos.ap-guangzhou.myqcloud.com/MSF11-05%20%E8%AE%A4%E8%AF%81%E5%9C%BA%E6%89%80%E6%B8%85%E5%8D%95%EF%BC%882024.7.12%E4%BF%AE%E8%AE%A2%EF%BC%89.pdf,OK
7,MSF11-07+审核任务书（2025.12.31修订）.pdf,367268,https://tixirenzheng-yulanwnejian-1259337467.cos.ap-guangzhou.myqcloud.com/MSF11-07%2B%E5%AE%A1%E6%A0%B8%E4%BB%BB%E5%8A%A1%E4%B9%A6%EF%BC%882025.12.31%E4%BF%AE%E8%AE%A2%EF%BC%89.pdf,OK
8,MSF11-08+第一阶段不实施现场审核的申请（2022.1.13修订）.pdf,202386,https://tixirenzheng-yulanwnejian-1259337467.cos.ap-guangzhou.myqcloud.com/MSF11-08%2B%E7%AC%AC%E4%B8%80%E9%98%B6%E6%AE%B5%E4%B8%8D%E5%AE%9E%E6%96%BD%E7%8E%B0%E5%9C%BA%E5%AE%A1%E6%A0%B8%E7%9A%84%E7%94%B3%E8%AF%B7%EF%BC%882022.1.13%E4%BF%AE%E8%AE%A2%EF%BC%89.pdf,OK
9,MSF11-09+第一阶段审核报告（2023.3.30修订）.pdf,423344,https://tixirenzheng-yulanwnejian-1259337467.cos.ap-guangzhou.myqcloud.com/MSF11-09%2B%E7%AC%AC%E4%B8%80%E9%98%B6%E6%AE%B5%E5%AE%A1%E6%A0%B8%E6%8A%A5%E5%91%8A%EF%BC%882023.3.30%E4%BF%AE%E8%AE%A2%EF%BC%89.pdf,OK
10,MSF11-10 第一阶段审核问题清单（2015版）.pdf,160234,https://tixirenzheng-yulanwnejian-1259337467.cos.ap-guangzhou.myqcloud.com/MSF11-10%20%E7%AC%AC%E4%B8%80%E9%98%B6%E6%AE%B5%E5%AE%A1%E6%A0%B8%E9%97%AE%E9%A2%98%E6%B8%85%E5%8D%95%EF%BC%882015%E7%89%88%EF%BC%89.pdf,OK
11,MSF11-11+审核计划（2025.12.31修订）.pdf,353634,https://tixirenzheng-yulanwnejian-1259337467.cos.ap-guangzhou.myqcloud.com/MSF11-11%2B%E5%AE%A1%E6%A0%B8%E8%AE%A1%E5%88%92%EF%BC%882025.12.31%E4%BF%AE%E8%AE%A2%EF%BC%89.pdf,OK
12,MSF11-12 审核准备会记录（2015版）.pdf,263920,https://tixirenzheng-yulanwnejian-1259337467.cos.ap-guangzhou.myqcloud.com/MSF11-12%20%E5%AE%A1%E6%A0%B8%E5%87%86%E5%A4%87%E4%BC%9A%E8%AE%B0%E5%BD%95%EF%BC%882015%E7%89%88%EF%BC%89.pdf,OK
13,MSF11-13 核查记录表（2015版）最新勘误.pdf,468006,https://tixirenzheng-yulanwnejian-1259337467.cos.ap-guangzhou.myqcloud.com/MSF11-13%20%E6%A0%B8%E6%9F%A5%E8%AE%B0%E5%BD%95%E8%A1%A8%EF%BC%882015%E7%89%88%EF%BC%89%E6%9C%80%E6%96%B0%E5%8B%98%E8%AF%AF.pdf,OK
14,MSF11-14+首末次会议签到表（2025.12.31修订）.pdf,325537,https://tixirenzheng-yulanwnejian-1259337467.cos.ap-guangzhou.myqcloud.com/MSF11-14%2B%E9%A6%96%E6%9C%AB%E6%AC%A1%E4%BC%9A%E8%AE%AE%E7%AD%BE%E5%88%B0%E8%A1%A8%EF%BC%882025.12.31%E4%BF%AE%E8%AE%A2%EF%BC%89.pdf,OK
15,MSF11-15+不符合项报告（2025.12.31修订）.pdf,370935,https://tixirenzheng-yulanwnejian-1259337467.cos.ap-guangzhou.myqcloud.com/MSF11-15%2B%E4%B8%8D%E7%AC%A6%E5%90%88%E9%A1%B9%E6%8A%A5%E5%91%8A%EF%BC%882025.12.31%E4%BF%AE%E8%AE%A2%EF%BC%89.pdf,OK
16,MSF11-16+认证周期绩效评价表（2025.12.31修订）.pdf,298800,https://tixirenzheng-yulanwnejian-1259337467.cos.ap-guangzhou.myqcloud.com/MSF11-16%2B%E8%AE%A4%E8%AF%81%E5%91%A8%E6%9C%9F%E7%BB%A9%E6%95%88%E8%AF%84%E4%BB%B7%E8%A1%A8%EF%BC%882025.12.31%E4%BF%AE%E8%AE%A2%EF%BC%89.pdf,OK
17,MSF11-17+审核报告（2022.1.13修订）.pdf,694631,https://tixirenzheng-yulanwnejian-1259337467.cos.ap-guangzhou.myqcloud.com/MSF11-17%2B%E5%AE%A1%E6%A0%B8%E6%8A%A5%E5%91%8A%EF%BC%882022.1.13%E4%BF%AE%E8%AE%A2%EF%BC%89.pdf,OK
18,MSF11-18 证书内容确认件（2024.12.6修订）.pdf,428639,https://tixirenzheng-yulanwnejian-1259337467.cos.ap-guangzhou.myqcloud.com/MSF11-18%20%E8%AF%81%E4%B9%A6%E5%86%85%E5%AE%B9%E7%A1%AE%E8%AE%A4%E4%BB%B6%EF%BC%882024.12.6%E4%BF%AE%E8%AE%A2%EF%BC%89.pdf,OK
19,MSF11-19+认证发证推荐表（2022.1.13修订）.pdf,286791,https://tixirenzheng-yulanwnejian-1259337467.cos.ap-guangzhou.myqcloud.com/MSF11-19%2B%E8%AE%A4%E8%AF%81%E5%8F%91%E8%AF%81%E6%8E%A8%E8%8D%90%E8%A1%A8%EF%BC%882022.1.13%E4%BF%AE%E8%AE%A2%EF%BC%89.pdf,OK
20,MSF11-20+审核材料归档上报清单（2025.12.31修订）.pdf,295497,https://tixirenzheng-yulanwnejian-1259337467.cos.ap-guangzhou.myqcloud.com/MSF11-20%2B%E5%AE%A1%E6%A0%B8%E6%9D%90%E6%96%99%E5%BD%92%E6%A1%A3%E4%B8%8A%E6%8A%A5%E6%B8%85%E5%8D%95%EF%BC%882025.12.31%E4%BF%AE%E8%AE%A2%EF%BC%89.pdf,OK
21,MSF11-21+文件评审报告（2022.1.13修订）.pdf,267628,https://tixirenzheng-yulanwnejian-1259337467.cos.ap-guangzhou.myqcloud.com/MSF11-21%2B%E6%96%87%E4%BB%B6%E8%AF%84%E5%AE%A1%E6%8A%A5%E5%91%8A%EF%BC%882022.1.13%E4%BF%AE%E8%AE%A2%EF%BC%89.pdf,OK
22,MSF11-22 监督审核通知（2015版）.pdf,202408,https://tixirenzheng-yulanwnejian-1259337467.cos.ap-guangzhou.myqcloud.com/MSF11-22%20%E7%9B%91%E7%9D%A3%E5%AE%A1%E6%A0%B8%E9%80%9A%E7%9F%A5%EF%BC%882015%E7%89%88%EF%BC%89.pdf,OK
23,MSF11-23+获证方情况调查表（2025.12.31修订）.pdf,319728,https://tixirenzheng-yulanwnejian-1259337467.cos.ap-guangzhou.myqcloud.com/MSF11-23%2B%E8%8E%B7%E8%AF%81%E6%96%B9%E6%83%85%E5%86%B5%E8%B0%83%E6%9F%A5%E8%A1%A8%EF%BC%882025.12.31%E4%BF%AE%E8%AE%A2%EF%BC%89.pdf,OK
24,MSF11-24 再认证通知书（2015版）.pdf,211973,https://tixirenzheng-yulanwnejian-1259337467.cos.ap-guangzhou.myqcloud.com/MSF11-24%20%E5%86%8D%E8%AE%A4%E8%AF%81%E9%80%9A%E7%9F%A5%E4%B9%A6%EF%BC%882015%E7%89%88%EF%BC%89.pdf,OK
25,MSF11-25+证书变更申请表（2025.12.31修订）.pdf,330976,https://tixirenzheng-yulanwnejian-1259337467.cos.ap-guangzhou.myqcloud.com/MSF11-25%2B%E8%AF%81%E4%B9%A6%E5%8F%98%E6%9B%B4%E7%94%B3%E8%AF%B7%E8%A1%A8%EF%BC%882025.12.31%E4%BF%AE%E8%AE%A2%EF%BC%89.pdf,OK
26,MSF11-26 审核人员商调函（2015版）.pdf,183807,https://tixirenzheng-yulanwnejian-1259337467.cos.ap-guangzhou.myqcloud.com/MSF11-26%20%E5%AE%A1%E6%A0%B8%E4%BA%BA%E5%91%98%E5%95%86%E8%B0%83%E5%87%BD%EF%BC%882015%E7%89%88%EF%BC%89.pdf,OK
27,MSF11-27+食品安全认证申请组织自我声明（2022.1.13修订）.pdf,242801,https://tixirenzheng-yulanwnejian-1259337467.cos.ap-guangzhou.myqcloud.com/MSF11-27%2B%E9%A3%9F%E5%93%81%E5%AE%89%E5%85%A8%E8%AE%A4%E8%AF%81%E7%94%B3%E8%AF%B7%E7%BB%84%E7%BB%87%E8%87%AA%E6%88%91%E5%A3%B0%E6%98%8E%EF%BC%882022.1.13%E4%BF%AE%E8%AE%A2%EF%BC%89.pdf,OK
28,MSF11-28 出口食品生产企业自我评估表（2016.9.30修订）.pdf,783319,https://tixirenzheng-yulanwnejian-1259337467.cos.ap-guangzhou.myqcloud.com/MSF11-28%20%E5%87%BA%E5%8F%A3%E9%A3%9F%E5%93%81%E7%94%9F%E4%BA%A7%E4%BC%81%E4%B8%9A%E8%87%AA%E6%88%91%E8%AF%84%E4%BC%B0%E8%A1%A8%EF%BC%882016.9.30%E4%BF%AE%E8%AE%A2%EF%BC%89.pdf,OK
29,MSF13-01+认证决定通知书（2015版）.pdf,154915,https://tixirenzheng-yulanwnejian-1259337467.cos.ap-guangzhou.myqcloud.com/MSF13-01%2B%E8%AE%A4%E8%AF%81%E5%86%B3%E5%AE%9A%E9%80%9A%E7%9F%A5%E4%B9%A6%EF%BC%882015%E7%89%88%EF%BC%89.pdf,OK
30,MSF13-02+监督审核认证评定表（2015版）.pdf,326876,https://tixirenzheng-yulanwnejian-1259337467.cos.ap-guangzhou.myqcloud.com/MSF13-02%2B%E7%9B%91%E7%9D%A3%E5%AE%A1%E6%A0%B8%E8%AE%A4%E8%AF%81%E8%AF%84%E5%AE%9A%E8%A1%A8%EF%BC%882015%E7%89%88%EF%BC%89.pdf,OK
31,MSF13-03+监督审核合格通知书（2017.6.13修订）.pdf,199170,https://tixirenzheng-yulanwnejian-1259337467.cos.ap-guangzhou.myqcloud.com/MSF13-03%2B%E7%9B%91%E7%9D%A3%E5%AE%A1%E6%A0%B8%E5%90%88%E6%A0%BC%E9%80%9A%E7%9F%A5%E4%B9%A6%EF%BC%882017.6.13%E4%BF%AE%E8%AE%A2%EF%BC%89.pdf,OK
32,MSF13-04+认证评定表（2024.3.28修订）.pdf,296480,https://tixirenzheng-yulanwnejian-1259337467.cos.ap-guangzhou.myqcloud.com/MSF13-04%2B%E8%AE%A4%E8%AF%81%E8%AF%84%E5%AE%9A%E8%A1%A8%EF%BC%882024.3.28%E4%BF%AE%E8%AE%A2%EF%BC%89.pdf,OK
33,MSWM11-14-01+认证转换前评审记录（2018.6.13修订）.pdf,487923,https://tixirenzheng-yulanwnejian-1259337467.cos.ap-guangzhou.myqcloud.com/MSWM11-14-01%2B%E8%AE%A4%E8%AF%81%E8%BD%AC%E6%8D%A2%E5%89%8D%E8%AF%84%E5%AE%A1%E8%AE%B0%E5%BD%95%EF%BC%882018.6.13%E4%BF%AE%E8%AE%A2%EF%BC%89.pdf,OK
34,MSWM11-21-01 特殊领域认证项目审批表（2025.3.14修订）.pdf,430344,https://tixirenzheng-yulanwnejian-1259337467.cos.ap-guangzhou.myqcloud.com/MSWM11-21-01%20%E7%89%B9%E6%AE%8A%E9%A2%86%E5%9F%9F%E8%AE%A4%E8%AF%81%E9%A1%B9%E7%9B%AE%E5%AE%A1%E6%89%B9%E8%A1%A8%EF%BC%882025.3.14%E4%BF%AE%E8%AE%A2%EF%BC%89.pdf,OK
